,Time,Group,Played Before,Explanation Reason,Explanation Counterfactual,Question Context,Question Text,Answer 1,Answer 2,Answer 3,True Action,True Target,Explanation Variable,Explanation Target,Answer Action 1,Answer Action 2,Answer Action 3,Answer Target 1,Answer Target 2,Answer Target 3,Correct Answer,User Answer,User Correct,Adjusted Answer,Number of People,Bag
0,1709631745730170250,0,False,He intentat parlar amb la Persona A.,,"Imagina't que hi hagués una persona addicional, en Bob, que estigués a 2m de mi, i més lluny que ningú més, i em mirés directament.",Què creus que faria si en Bob no estigués interessada en mi?,Intentaré parlar amb la Persona A,Intentaré parlar amb en Bob,Intentaré que algú em parli,ELICIT_TARGET,ttelm,Engagement Value,ttelm,ELICIT_TARGET,ELICIT_TARGET,ELICIT_GENERAL,ttelm,NEWPERSON,None,1,2,False,0.0,1,tuesday_0_13.bag
1,1709724796632429123,0,True,He intentat parlar amb la Persona B.,,"Imagina't que hi hagués una persona addicional, en Bob, que em mirés directament.","Què creus que faria si en Bob estigués a un 1m de mi, i més aprop que ningú més?",Intentaré parlar amb la Persona A,Intentaré parlar amb en Bob,Intentaré que algú em parli,ELICIT_TARGET,epqko,Distance,epqko,ELICIT_TARGET,ELICIT_TARGET,ELICIT_GENERAL,vbcan,NEWPERSON,None,2,3,False,0.5,2,wednesday_0_45.bag
2,1709724931024626970,1,True,He intentat parlar amb la Persona A perquè estava segura de la meva detecció de l'esquelet de la Persona A.,,"Imagina't que hi hagués una persona addicional, en Bob, que estigués a 2m de mi i em mirés directament.",Què creus que faria si estigués molt insegura de la meva detecció de l'esquelet de en Bob?,Intentaré parlar amb la Persona A,Intentaré que algú em parli,Intentaré parlar amb en Bob,ELICIT_TARGET,tjuuu,Pose Estimation Confidence,tjuuu,ELICIT_TARGET,ELICIT_GENERAL,ELICIT_TARGET,tjuuu,None,NEWPERSON,1,2,False,0.5,1,wednesday_0_45.bag
3,1709739774685647964,1,False,He intentat que algú em parlés perquè la Persona A no estava gens interessada en mi.,,"Imagina't que hi hagués una persona addicional, en Bob, que estigués a 2m de mi, i més aprop que ningú més, i em mirés directament.",Què creus que faria si en Bob no estigués gens interessada en mi?,Intentaré parlar amb en Bob,Intentaré parlar amb la Persona A,Intentaré que algú em parli,ELICIT_GENERAL,None,Engagement Value,ngeeq,ELICIT_TARGET,ELICIT_TARGET,ELICIT_GENERAL,NEWPERSON,ngeeq,None,3,3,True,1.0,1,wednesday_0_95.bag
4,1709638133556263924,2,False,He intentat que algú em parlés perquè la Persona A no em mirava.,"Si Persona A em mirés, hauria intentat que la Persona A em parlés.","Imagina't que hi hagués una persona addicional, en Bob, que estigués a 2m de mi.",Què creus que faria si en Bob mirés lluny de mi?,Intentaré parlar amb la Persona A,Intentaré que algú em parli,Intentaré parlar amb en Bob,ELICIT_GENERAL,None,Mutual Gaze,lwqdt,ELICIT_TARGET,ELICIT_GENERAL,ELICIT_TARGET,lwqdt,None,NEWPERSON,2,1,False,0.0,1,tuesday_0_34.bag
5,1709548327079007864,1,False,He intentat que algú em parlés perquè la Persona C no estava gens interessada en mi.,,"Imagina't que hi hagués una persona addicional, en Bob, que estigués a 2m de mi, i més aprop que ningú més, i em mirés directament.",Què creus que faria si en Bob no estigués gens interessada en mi?,Intentaré parlar amb la Persona B,Intentaré parlar amb la Persona A,Intentaré que algú em parli,ELICIT_GENERAL,None,Engagement Value,anmux,ELICIT_TARGET,ELICIT_TARGET,ELICIT_GENERAL,gnnbq,ykdjp,None,3,1,False,0.0,3,monday_0_11.bag
6,1709811029523572922,0,True,He intentat que algú em parlés.,,"Imagina't que hi hagués una persona addicional, en Bob, que estigués a 2m de mi, i més aprop que ningú més, i em mirés directament.",Què creus que faria si en Bob estigués molt interessada en mi?,Intentaré parlar amb en Bob,Intentaré parlar amb la Persona A,Intentaré parlar amb la Persona C,ELICIT_GENERAL,None,Engagement Value,esqjy,ELICIT_TARGET,ELICIT_TARGET,ELICIT_TARGET,NEWPERSON,rdxpj,esqjy,1,1,True,1.0,3,thursday_0_36.bag
7,1709652917571545601,0,False,He intentat que algú em parlés.,,"Imagina't que hi hagués una persona addicional, en Bob, que estigués a 2m de mi, i més aprop que ningú més.",Què creus que faria si en Bob i jo ens miréssim directament?,Intentaré que algú em parli,Intentaré parlar amb en Bob,Intentaré parlar amb la Persona A,ELICIT_GENERAL,None,Mutual Gaze,ahfly,ELICIT_GENERAL,ELICIT_TARGET,ELICIT_TARGET,None,NEWPERSON,ahfly,2,4,False,0.0,1,tuesday_0_84.bag
8,1709638795730435133,0,False,He intentat parlar amb la Persona A.,,"Imagina't que hi hagués una persona addicional, en Bob, que estigués a 2m de mi, i més lluny que ningú més, i em mirés directament.",Què creus que faria si estigués molt segura de la meva detecció de l'esquelet de en Bob?,Intentaré que algú em parli,Intentaré parlar amb la Persona A,Intentaré parlar amb en Bob,ELICIT_TARGET,jmlit,Pose Estimation Confidence,jmlit,ELICIT_GENERAL,ELICIT_TARGET,ELICIT_TARGET,None,jmlit,NEWPERSON,3,2,False,0.0,1,tuesday_0_37.bag
9,1709638897163093805,1,False,He intentat que algú em parlés perquè la Persona A estava a més de 1m de mi.,,"Imagina't que hi hagués una persona addicional, en Bob, que em mirés directament.","Què creus que faria si en Bob estigués a uns 4m de mi, i més lluny que ningú més?",Intentaré que algú em parli,Intentaré parlar amb en Bob,Intentaré parlar amb la Persona A,ELICIT_GENERAL,None,Distance,yrbdi,ELICIT_GENERAL,ELICIT_TARGET,ELICIT_TARGET,None,NEWPERSON,yrbdi,2,3,False,0.0,1,tuesday_0_37.bag
10,1709635496104382992,1,False,He intentat parlar amb la Persona A perquè la Persona A em mirava.,,"Imagina't que hi hagués una persona addicional, en Bob, que estigués a 2m de mi, i més lluny que ningú més.",Què creus que faria si en Bob em mirés una mica?,Intentaré que algú em parli,Intentaré parlar amb la Persona A,Intentaré parlar amb en Bob,ELICIT_TARGET,lmdxa,Mutual Gaze,lmdxa,ELICIT_GENERAL,ELICIT_TARGET,ELICIT_TARGET,None,lmdxa,NEWPERSON,2,2,True,1.0,1,tuesday_0_26.bag
11,1709553088607226610,2,False,He intentat parlar amb la Persona A perquè estava segura de la meva detecció de l'esquelet de la Persona A.,"Si estigués molt insegura de la meva detecció de l'esquelet de Persona A, hauria intentat que algú em parlés.","Imagina't que hi hagués una persona addicional, en Bob, que estigués a 2m de mi, i més lluny que ningú més, i em mirés directament.",Què creus que faria si estigués molt insegura de la meva detecció de l'esquelet de en Bob?,Intentaré parlar amb en Bob,Intentaré que algú em parli,Intentaré parlar amb la Persona A,ELICIT_TARGET,nubxf,Pose Estimation Confidence,nubxf,ELICIT_TARGET,ELICIT_GENERAL,ELICIT_TARGET,NEWPERSON,None,nubxf,3,3,True,1.0,1,monday_0_27.bag
12,1709553189241389990,0,False,He intentat que algú em parlés.,,"Imagina't que hi hagués una persona addicional, en Bob, que estigués a 2m de mi, i més aprop que ningú més, i em mirés directament.",Què creus que faria si en Bob estigués molt interessada en mi?,Intentaré parlar amb la Persona A,Intentaré parlar amb en Bob,Intentaré que algú em parli,ELICIT_GENERAL,None,Engagement Value,zdrza,ELICIT_TARGET,ELICIT_TARGET,ELICIT_GENERAL,zdrza,NEWPERSON,None,2,2,True,1.0,1,monday_0_27.bag
13,1709553260675270081,1,True,He intentat parlar amb la Persona A perquè la Persona A estava a menys de 5m de mi.,,"Imagina't que hi hagués una persona addicional, en Bob, que em mirés directament.","Què creus que faria si en Bob estigués a uns 6m de mi, i més lluny que ningú més?",Intentaré parlar amb en Bob,Intentaré que algú em parli,Intentaré parlar amb la Persona A,ELICIT_TARGET,mfzmj,Distance,mfzmj,ELICIT_TARGET,ELICIT_GENERAL,ELICIT_TARGET,NEWPERSON,None,mfzmj,3,3,True,1.0,1,monday_0_27.bag
14,1709738949500053883,1,True,He intentat parlar amb la Persona B perquè la Persona B estava a menys de 3m de mi.,,"Imagina't que hi hagués una persona addicional, en Bob, que em mirés directament.","Què creus que faria si en Bob estigués a uns 4m de mi, i més lluny que ningú més?",Intentaré que algú em parli,Intentaré parlar amb en Bob,Intentaré parlar amb la Persona A,ELICIT_TARGET,cukiv,Distance,cukiv,ELICIT_GENERAL,ELICIT_TARGET,ELICIT_TARGET,None,NEWPERSON,jfqho,2,1,False,0.5,2,wednesday_0_92.bag
15,1709739003525485992,2,False,He intentat que algú em parlés perquè estava molt insegura de la meva detecció de l'esquelet de la Persona A.,"Si estigués segura de la meva detecció de l'esquelet de Persona A, hauria intentat que la Persona A em parlés.","Imagina't que hi hagués una persona addicional, en Bob, que estigués a 2m de mi, i més lluny que ningú més, i em mirés directament.",Què creus que faria si estigués molt segura de la meva detecció de l'esquelet de en Bob?,Intentaré parlar amb la Persona A,Intentaré que algú em parli,Intentaré parlar amb en Bob,ELICIT_GENERAL,None,Pose Estimation Confidence,gnqud,ELICIT_TARGET,ELICIT_GENERAL,ELICIT_TARGET,gnqud,None,NEWPERSON,3,4,False,0.0,1,wednesday_0_92.bag
16,1709739131639279842,0,False,He intentat parlar amb la Persona B.,,"Imagina't que hi hagués una persona addicional, en Bob, que estigués a 2m de mi.",Què creus que faria si en Bob no em mirés?,Intentaré que algú em parli,Intentaré parlar amb la Persona B,Intentaré parlar amb la Persona A,ELICIT_TARGET,buvnq,Mutual Gaze,buvnq,ELICIT_GENERAL,ELICIT_TARGET,ELICIT_TARGET,None,buvnq,whmmc,2,3,False,0.0,2,wednesday_0_92.bag
17,1709714299923941374,0,False,He intentat que algú em parlés.,,"Imagina't que hi hagués una persona addicional, en Bob, que estigués a 2m de mi, i més aprop que ningú més, i em mirés directament.",Què creus que faria si en Bob estigués interessada en mi?,Intentaré parlar amb en Bob,Intentaré parlar amb la Persona A,Intentaré que algú em parli,ELICIT_GENERAL,None,Engagement Value,yylup,ELICIT_TARGET,ELICIT_TARGET,ELICIT_GENERAL,NEWPERSON,yylup,None,1,1,True,1.0,1,wednesday_0_10.bag
18,1709728748595749378,2,False,He intentat que algú em parlés perquè la Persona A estava a més de 1m de mi.,"Si Persona A estigués a menys de 1m de mi, hauria intentat que la Persona A em parlés.","Imagina't que hi hagués una persona addicional, en Bob, que em mirés directament.","Què creus que faria si en Bob estigués a uns 9m de mi, i més lluny que ningú més?",Intentaré parlar amb la Persona B,Intentaré parlar amb la Persona A,Intentaré que algú em parli,ELICIT_GENERAL,None,Distance,kwgyk,ELICIT_TARGET,ELICIT_TARGET,ELICIT_GENERAL,hjtub,kwgyk,None,3,2,False,0.0,2,wednesday_0_58.bag
19,1709728844782210827,0,False,He intentat que algú em parlés.,,"Imagina't que hi hagués una persona addicional, en Bob, que estigués a 2m de mi, i més aprop que ningú més, i em mirés directament.",Què creus que faria si en Bob no estigués interessada en mi?,Intentaré que algú em parli,Intentaré parlar amb la Persona A,Intentaré parlar amb en Bob,ELICIT_GENERAL,None,Engagement Value,olosx,ELICIT_GENERAL,ELICIT_TARGET,ELICIT_TARGET,None,olosx,NEWPERSON,3,3,True,1.0,1,wednesday_0_58.bag
20,1709728921204407215,1,False,He intentat parlar amb la Persona A perquè la Persona A estava a menys de 3m de mi.,,"Imagina't que hi hagués una persona addicional, en Bob, que em mirés directament.","Què creus que faria si en Bob estigués a uns 5m de mi, i més lluny que ningú més?",Intentaré que algú em parli,Intentaré parlar amb en Bob,Intentaré parlar amb la Persona A,ELICIT_TARGET,jxfvl,Distance,jxfvl,ELICIT_GENERAL,ELICIT_TARGET,ELICIT_TARGET,None,NEWPERSON,jxfvl,3,4,False,0.0,1,wednesday_0_58.bag
21,1709810696957307100,2,False,He intentat que algú em parlés perquè la Persona A no em mirava.,"Si Persona A em mirés, hauria intentat que la Persona A em parlés.","Imagina't que hi hagués una persona addicional, en Bob, que estigués a 2m de mi.",Què creus que faria si en Bob mirés lluny de mi?,Intentaré parlar amb la Persona A,Intentaré que algú em parli,Intentaré parlar amb en Bob,ELICIT_GENERAL,None,Mutual Gaze,tuqdw,ELICIT_TARGET,ELICIT_GENERAL,ELICIT_TARGET,tuqdw,None,NEWPERSON,2,1,False,0.0,1,thursday_0_35.bag
22,1709820981356208324,0,False,He intentat que algú em parlés.,,"Imagina't que hi hagués una persona addicional, en Bob, que estigués a 2m de mi, i més aprop que ningú més, i em mirés directament.",Què creus que faria si en Bob estigués interessada en mi?,Intentaré parlar amb la Persona E,Intentaré que algú em parli,Intentaré parlar amb en Bob,ELICIT_GENERAL,None,Engagement Value,mmguq,ELICIT_TARGET,ELICIT_GENERAL,ELICIT_TARGET,zaaof,None,NEWPERSON,3,2,False,0.5,3,thursday_0_69.bag
23,1709546852699398518,0,False,He intentat parlar amb la Persona B.,,"Imagina't que hi hagués una persona addicional, en Bob, que estigués a 2m de mi, i més lluny que ningú més, i em mirés directament.",Què creus que faria si no estigués segura de la meva detecció de l'esquelet de en Bob?,Intentaré parlar amb la Persona A,Intentaré parlar amb en Bob,Intentaré parlar amb la Persona B,ELICIT_TARGET,vjehs,Pose Estimation Confidence,awnig,ELICIT_TARGET,ELICIT_TARGET,ELICIT_TARGET,bkfok,NEWPERSON,vjehs,3,3,True,1.0,3,monday_0_6.bag
24,1709546907136340618,1,False,He intentat parlar amb la Persona B perquè la Persona C mirava lluny de mi.,,"Imagina't que hi hagués una persona addicional, en Bob, que estigués a 2m de mi, i més lluny que ningú més.",Què creus que faria si en Bob no em mirés?,Intentaré parlar amb en Bob,Intentaré parlar amb la Persona B,Intentaré parlar amb la Persona C,ELICIT_TARGET,wyjec,Mutual Gaze,rsaev,ELICIT_TARGET,ELICIT_TARGET,ELICIT_TARGET,NEWPERSON,wyjec,rsaev,2,2,True,1.0,3,monday_0_6.bag
25,1709546959192216873,2,True,He intentat parlar amb la Persona A perquè la Persona A estava a uns 2.0m de mi.,"Si Persona A estigués a més de 1.5m de mi, hauria intentat que algú em parlés.","Imagina't que hi hagués una persona addicional, en Bob, que em mirés directament.","Què creus que faria si en Bob estigués a uns 3m de mi, i més lluny que ningú més?",Intentaré parlar amb en Bob,Intentaré que algú em parli,Intentaré parlar amb la Persona A,ELICIT_TARGET,cazca,Distance,cazca,ELICIT_TARGET,ELICIT_GENERAL,ELICIT_TARGET,NEWPERSON,None,cazca,1,2,False,0.5,1,monday_0_6.bag
26,1709722282302454948,2,False,He intentat parlar amb la Persona A perquè la Persona A no mirava lluny de mi.,"Si Persona A mirés lluny de mi, hauria intentat que algú em parlés.","Imagina't que hi hagués una persona addicional, en Bob, que estigués a 2m de mi, i més lluny que ningú més.",Què creus que faria si en Bob i jo ens miréssim directament?,Intentaré parlar amb en Bob,Intentaré parlar amb la Persona A,Intentaré que algú em parli,ELICIT_TARGET,tlycc,Mutual Gaze,tlycc,ELICIT_TARGET,ELICIT_TARGET,ELICIT_GENERAL,NEWPERSON,tlycc,None,1,3,False,0.5,1,wednesday_0_36.bag
27,1709656180370076418,0,True,He intentat parlar amb la Persona A.,,"Imagina't que hi hagués una persona addicional, en Bob, que em mirés directament.","Què creus que faria si en Bob estigués a uns 0.5m de mi, i més aprop que ningú més?",Intentaré que algú em parli,Intentaré parlar amb la Persona A,Intentaré parlar amb en Bob,ELICIT_TARGET,uvjua,Distance,uvjua,ELICIT_GENERAL,ELICIT_TARGET,ELICIT_TARGET,None,uvjua,NEWPERSON,3,3,True,1.0,1,tuesday_0_95.bag
28,1709656388625873089,1,False,He intentat que algú em parlés perquè la Persona A estava a més de 2m de mi.,,"Imagina't que hi hagués una persona addicional, en Bob, que em mirés directament.","Què creus que faria si en Bob estigués a uns 0.1m de mi, i més aprop que ningú més?",Intentaré parlar amb la Persona A,Intentaré que algú em parli,Intentaré parlar amb en Bob,ELICIT_GENERAL,None,Distance,yqrpu,ELICIT_TARGET,ELICIT_GENERAL,ELICIT_TARGET,yqrpu,None,NEWPERSON,3,3,True,1.0,1,tuesday_0_95.bag
29,1709642025282202244,0,False,He intentat que algú em parlés.,,"Imagina't que hi hagués una persona addicional, en Bob, que estigués a 2m de mi, i més aprop que ningú més, i em mirés directament.",Què creus que faria si en Bob estigués interessada en mi?,Intentaré parlar amb la Persona A,Intentaré parlar amb en Bob,Intentaré que algú em parli,ELICIT_GENERAL,None,Engagement Value,opzvz,ELICIT_TARGET,ELICIT_TARGET,ELICIT_GENERAL,opzvz,NEWPERSON,None,2,2,True,1.0,1,tuesday_0_47.bag
30,1709729849866891861,2,False,He intentat parlar amb la Persona A perquè estava segura de la meva detecció de l'esquelet de la Persona A.,"Si estigués molt insegura de la meva detecció de l'esquelet de Persona A, hauria intentat que la Persona B em parlés.","Imagina't que hi hagués una persona addicional, en Bob, que estigués a 2m de mi i em mirés directament.",Què creus que faria si estigués molt segura de la meva detecció de l'esquelet de en Bob?,Intentaré parlar amb la Persona C,Intentaré parlar amb la Persona A,Intentaré parlar amb en Bob,ELICIT_TARGET,ankyo,Pose Estimation Confidence,ankyo,ELICIT_TARGET,ELICIT_TARGET,ELICIT_TARGET,dayby,ankyo,NEWPERSON,3,3,True,1.0,3,wednesday_0_61.bag
31,1709552124412919283,2,False,He intentat que algú em parlés perquè estava molt insegura de la meva detecció de l'esquelet de la Persona A.,"Si estigués segura de la meva detecció de l'esquelet de Persona A, hauria intentat que la Persona A em parlés.","Imagina't que hi hagués una persona addicional, en Bob, que estigués a 2m de mi i em mirés directament.",Què creus que faria si estigués molt segura de la meva detecció de l'esquelet de en Bob?,Intentaré que algú em parli,Intentaré parlar amb la Persona B,Intentaré parlar amb en Bob,ELICIT_GENERAL,None,Pose Estimation Confidence,novvx,ELICIT_GENERAL,ELICIT_TARGET,ELICIT_TARGET,None,ebhlw,NEWPERSON,3,3,True,1.0,1,monday_0_24.bag
32,1709643963217689991,2,False,He intentat que algú em parlés perquè la Persona C i jo no ens miràvem directament.,"Si Persona C i jo ens miréssim directament, hauria intentat que la Persona C em parlés.","Imagina't que hi hagués una persona addicional, en Bob, que estigués a 2m de mi, i més aprop que ningú més.",Què creus que faria si en Bob em mirés una mica?,Intentaré parlar amb en Bob,Intentaré parlar amb la Persona C,Intentaré que algú em parli,ELICIT_GENERAL,None,Mutual Gaze,bvxbh,ELICIT_TARGET,ELICIT_TARGET,ELICIT_GENERAL,NEWPERSON,bvxbh,None,1,1,True,1.0,3,tuesday_0_54.bag
33,1709644069364705563,0,True,He intentat parlar amb la Persona C.,,"Imagina't que hi hagués una persona addicional, en Bob, que estigués a 2m de mi, i més lluny que ningú més, i em mirés directament.",Què creus que faria si estigués molt segura de la meva detecció de l'esquelet de en Bob?,Intentaré que algú em parli,Intentaré parlar amb la Persona C,Intentaré parlar amb en Bob,ELICIT_TARGET,tnbaf,Pose Estimation Confidence,tnbaf,ELICIT_GENERAL,ELICIT_TARGET,ELICIT_TARGET,None,tnbaf,NEWPERSON,3,3,True,1.0,3,tuesday_0_54.bag
34,1709806935298483372,1,False,He intentat que algú em parlés perquè la Persona A estava a més de 1m de mi.,,"Imagina't que hi hagués una persona addicional, en Bob, que em mirés directament.","Què creus que faria si en Bob estigués a uns 0.5m de mi, i més aprop que ningú més?",Intentaré parlar amb en Bob,Intentaré parlar amb la Persona A,Intentaré que algú em parli,ELICIT_GENERAL,None,Distance,tkdxd,ELICIT_TARGET,ELICIT_TARGET,ELICIT_GENERAL,NEWPERSON,tkdxd,None,1,1,True,1.0,1,thursday_0_22.bag
35,1709803222199095011,0,False,He intentat parlar amb la Persona A.,,"Imagina't que hi hagués una persona addicional, en Bob, que em mirés directament.","Què creus que faria si en Bob estigués a uns 2.5m de mi, i més lluny que ningú més?",Intentaré que algú em parli,Intentaré parlar amb la Persona A,Intentaré parlar amb en Bob,ELICIT_TARGET,ornca,Distance,ornca,ELICIT_GENERAL,ELICIT_TARGET,ELICIT_TARGET,None,ornca,NEWPERSON,3,2,False,0.0,1,thursday_0_10.bag
36,1709551824587929010,0,True,He intentat parlar amb la Persona B.,,"Imagina't que hi hagués una persona addicional, en Bob, que estigués a 2m de mi, i més lluny que ningú més.",Què creus que faria si en Bob em mirés una mica?,Intentaré parlar amb en Bob,Intentaré parlar amb la Persona B,Intentaré que algú em parli,ELICIT_TARGET,ouhew,Mutual Gaze,ouhew,ELICIT_TARGET,ELICIT_TARGET,ELICIT_GENERAL,NEWPERSON,ouhew,None,1,1,True,1.0,2,monday_0_23.bag
37,1709552047786290646,1,False,He intentat parlar amb la Persona A perquè la Persona A estava a menys de 2.5m de mi.,,"Imagina't que hi hagués una persona addicional, en Bob, que em mirés directament.","Què creus que faria si en Bob estigués a uns 9m de mi, i més lluny que ningú més?",Intentaré parlar amb en Bob,Intentaré parlar amb la Persona D,Intentaré parlar amb la Persona A,ELICIT_TARGET,tkvxg,Distance,tkvxg,ELICIT_TARGET,ELICIT_TARGET,ELICIT_TARGET,NEWPERSON,hktjw,tkvxg,3,3,True,1.0,4,monday_0_23.bag
38,1709553514265985727,2,False,He intentat que algú em parlés perquè la Persona C estava a més de 1m de mi.,"Si Persona C estigués a menys de 1m de mi, hauria intentat que la Persona C em parlés.","Imagina't que hi hagués una persona addicional, en Bob, que em mirés directament.","Què creus que faria si en Bob estigués a uns 1.5m de mi, i més aprop que ningú més?",Intentaré que algú em parli,Intentaré parlar amb en Bob,Intentaré parlar amb la Persona C,ELICIT_GENERAL,None,Distance,zlwwg,ELICIT_GENERAL,ELICIT_TARGET,ELICIT_TARGET,None,NEWPERSON,zlwwg,2,2,True,1.0,3,monday_0_28.bag
39,1709557301719409943,2,False,He intentat que algú em parlés perquè la Persona A no estava gens interessada en mi.,"Si Persona A estigués una mica interessada en mi, hauria intentat que la Persona A em parlés.","Imagina't que hi hagués una persona addicional, en Bob, que estigués a 2m de mi, i més aprop que ningú més, i em mirés directament.",Què creus que faria si en Bob no estigués interessada en mi?,Intentaré parlar amb la Persona A,Intentaré parlar amb en Bob,Intentaré que algú em parli,ELICIT_GENERAL,None,Engagement Value,geopq,ELICIT_TARGET,ELICIT_TARGET,ELICIT_GENERAL,geopq,NEWPERSON,None,2,1,False,0.0,1,monday_0_41.bag
40,1709557399211189508,0,False,He intentat parlar amb la Persona C.,,"Imagina't que hi hagués una persona addicional, en Bob, que estigués a 2m de mi, i més lluny que ningú més, i em mirés directament.",Què creus que faria si estigués molt insegura de la meva detecció de l'esquelet de en Bob?,Intentaré parlar amb en Bob,Intentaré parlar amb la Persona A,Intentaré parlar amb la Persona C,ELICIT_TARGET,owzoo,Pose Estimation Confidence,xjozp,ELICIT_TARGET,ELICIT_TARGET,ELICIT_TARGET,NEWPERSON,xjozp,owzoo,3,3,True,1.0,3,monday_0_41.bag
41,1709647557066123247,0,False,He intentat que algú em parlés.,,"Imagina't que hi hagués una persona addicional, en Bob, que em mirés directament.","Què creus que faria si en Bob estigués a uns 0.5m de mi, i més aprop que ningú més?",Intentaré que algú em parli,Intentaré parlar amb la Persona C,Intentaré parlar amb en Bob,ELICIT_GENERAL,None,Distance,bmoob,ELICIT_GENERAL,ELICIT_TARGET,ELICIT_TARGET,None,bmoob,NEWPERSON,3,3,True,1.0,1,tuesday_0_66.bag
42,1709647618994419813,1,False,He intentat que algú em parlés perquè estava molt insegura de la meva detecció de l'esquelet de la Persona B.,,"Imagina't que hi hagués una persona addicional, en Bob, que estigués a 2m de mi, i més lluny que ningú més, i em mirés directament.",Què creus que faria si estigués molt insegura de la meva detecció de l'esquelet de en Bob?,Intentaré que algú em parli,Intentaré parlar amb en Bob,Intentaré parlar amb la Persona B,ELICIT_GENERAL,None,Pose Estimation Confidence,ytobr,ELICIT_GENERAL,ELICIT_TARGET,ELICIT_TARGET,None,NEWPERSON,ytobr,1,1,True,1.0,2,tuesday_0_66.bag
43,1709717924393903494,1,False,He intentat parlar amb la Persona A perquè estava segura de la meva detecció de l'esquelet de la Persona A.,,"Imagina't que hi hagués una persona addicional, en Bob, que estigués a 2m de mi, i més lluny que ningú més, i em mirés directament.",Què creus que faria si estigués molt segura de la meva detecció de l'esquelet de en Bob?,Intentaré parlar amb en Bob,Intentaré que algú em parli,Intentaré parlar amb la Persona A,ELICIT_TARGET,odyfu,Pose Estimation Confidence,odyfu,ELICIT_TARGET,ELICIT_GENERAL,ELICIT_TARGET,NEWPERSON,None,odyfu,1,1,True,1.0,1,wednesday_0_22.bag
44,1709721398303117514,1,False,He intentat que algú em parlés perquè la Persona A no estava gens interessada en mi.,,"Imagina't que hi hagués una persona addicional, en Bob, que estigués a 2m de mi, i més aprop que ningú més, i em mirés directament.",Què creus que faria si en Bob estigués molt interessada en mi?,Intentaré parlar amb la Persona A,Intentaré que algú em parli,Intentaré parlar amb en Bob,ELICIT_GENERAL,None,Engagement Value,ccxnt,ELICIT_TARGET,ELICIT_GENERAL,ELICIT_TARGET,ccxnt,None,NEWPERSON,3,3,True,1.0,1,wednesday_0_34.bag
45,1709644441943978548,1,False,He intentat que algú em parlés perquè la Persona A no estava gens interessada en mi.,,"Imagina't que hi hagués una persona addicional, en Bob, que estigués a 2m de mi, i més aprop que ningú més, i em mirés directament.",Què creus que faria si en Bob estigués interessada en mi?,Intentaré que algú em parli,Intentaré parlar amb la Persona A,Intentaré parlar amb en Bob,ELICIT_GENERAL,None,Engagement Value,hwpns,ELICIT_GENERAL,ELICIT_TARGET,ELICIT_TARGET,None,hwpns,NEWPERSON,3,3,True,1.0,1,tuesday_0_55.bag
46,1709812249335568190,1,False,He intentat que algú em parlés perquè la Persona A estava a més de 2.5m de mi.,,"Imagina't que hi hagués una persona addicional, en Bob, que em mirés directament.","Què creus que faria si en Bob estigués a uns 0.5m de mi, i més aprop que ningú més?",Intentaré parlar amb la Persona A,Intentaré parlar amb en Bob,Intentaré que algú em parli,ELICIT_GENERAL,None,Distance,yoipd,ELICIT_TARGET,ELICIT_TARGET,ELICIT_GENERAL,yoipd,NEWPERSON,None,2,2,True,1.0,1,thursday_0_40.bag
47,1709547801950285912,0,False,He intentat que algú em parlés.,,"Imagina't que hi hagués una persona addicional, en Bob, que estigués a 2m de mi, i més aprop que ningú més, i em mirés directament.",Què creus que faria si en Bob estigués molt interessada en mi?,Intentaré parlar amb la Persona A,Intentaré parlar amb en Bob,Intentaré parlar amb la Persona C,ELICIT_GENERAL,None,Engagement Value,ewnnc,ELICIT_TARGET,ELICIT_TARGET,ELICIT_TARGET,kwouu,NEWPERSON,ewnnc,2,2,True,1.0,2,monday_0_9.bag
48,1709804648723622322,1,False,He intentat parlar amb la Persona B perquè estava segura de la meva detecció de l'esquelet de la Persona B.,,"Imagina't que hi hagués una persona addicional, en Bob, que estigués a 2m de mi i em mirés directament.",Què creus que faria si no estigués segura de la meva detecció de l'esquelet de en Bob?,Intentaré parlar amb la Persona B,Intentaré que algú em parli,Intentaré parlar amb en Bob,ELICIT_TARGET,rygfd,Pose Estimation Confidence,rygfd,ELICIT_TARGET,ELICIT_GENERAL,ELICIT_TARGET,rygfd,None,NEWPERSON,3,1,False,0.0,2,thursday_0_15.bag
49,1709732190618930817,2,True,He intentat que algú em parlés perquè la Persona A estava a més de 1m de mi.,"Si Persona A estigués a menys de 1m de mi, hauria intentat que la Persona A em parlés.","Imagina't que hi hagués una persona addicional, en Bob, que em mirés directament.","Què creus que faria si en Bob estigués a uns 9m de mi, i més lluny que ningú més?",Intentaré parlar amb en Bob,Intentaré parlar amb la Persona A,Intentaré que algú em parli,ELICIT_GENERAL,None,Distance,uidae,ELICIT_TARGET,ELICIT_TARGET,ELICIT_GENERAL,NEWPERSON,uidae,None,3,2,False,0.0,1,wednesday_0_69.bag
50,1709732263701546431,0,False,He intentat que algú em parlés.,,"Imagina't que hi hagués una persona addicional, en Bob, que estigués a 2m de mi, i més aprop que ningú més.",Què creus que faria si en Bob i jo ens miréssim directament?,Intentaré parlar amb en Bob,Intentaré que algú em parli,Intentaré parlar amb la Persona A,ELICIT_GENERAL,None,Mutual Gaze,gcuip,ELICIT_TARGET,ELICIT_GENERAL,ELICIT_TARGET,NEWPERSON,None,gcuip,1,1,True,1.0,1,wednesday_0_69.bag
51,1709631995615923166,1,False,He intentat que algú em parlés perquè la Persona A no estava gens interessada en mi.,,"Imagina't que hi hagués una persona addicional, en Bob, que estigués a 2m de mi, i més aprop que ningú més, i em mirés directament.",Què creus que faria si en Bob estigués molt interessada en mi?,Intentaré que algú em parli,Intentaré parlar amb en Bob,Intentaré parlar amb la Persona A,ELICIT_GENERAL,None,Engagement Value,dhldg,ELICIT_GENERAL,ELICIT_TARGET,ELICIT_TARGET,None,NEWPERSON,dhldg,2,4,False,0.0,1,tuesday_0_14.bag
52,1709645504868295193,0,False,He intentat que algú em parlés.,,"Imagina't que hi hagués una persona addicional, en Bob, que estigués a 2m de mi, i més aprop que ningú més.",Què creus que faria si en Bob no em mirés?,Intentaré que algú em parli,Intentaré parlar amb en Bob,Intentaré parlar amb la Persona A,ELICIT_GENERAL,None,Mutual Gaze,kwxkw,ELICIT_GENERAL,ELICIT_TARGET,ELICIT_TARGET,None,NEWPERSON,kwxkw,1,1,True,1.0,1,tuesday_0_59.bag
53,1709640981962553978,2,False,He intentat que algú em parlés perquè la Persona A mirava lluny de mi.,"Si Persona A em mirés una mica, hauria intentat que la Persona A em parlés.","Imagina't que hi hagués una persona addicional, en Bob, que estigués a 2m de mi, i més lluny que ningú més.",Què creus que faria si en Bob mirés lluny de mi?,Intentaré parlar amb la Persona A,Intentaré que algú em parli,Intentaré parlar amb en Bob,ELICIT_GENERAL,None,Mutual Gaze,voysd,ELICIT_TARGET,ELICIT_GENERAL,ELICIT_TARGET,voysd,None,NEWPERSON,2,1,False,0.0,1,tuesday_0_44.bag
54,1709634256747862577,0,False,He intentat que algú em parlés.,,"Imagina't que hi hagués una persona addicional, en Bob, que estigués a 2m de mi, i més aprop que ningú més, i em mirés directament.",Què creus que faria si en Bob estigués interessada en mi?,Intentaré parlar amb en Bob,Intentaré parlar amb la Persona A,Intentaré que algú em parli,ELICIT_GENERAL,None,Engagement Value,utitg,ELICIT_TARGET,ELICIT_TARGET,ELICIT_GENERAL,NEWPERSON,utitg,None,1,1,True,1.0,1,tuesday_0_22.bag
55,1709719412889232635,1,True,He intentat parlar amb la Persona B perquè la Persona B estava a menys de 5m de mi.,,"Imagina't que hi hagués una persona addicional, en Bob, que em mirés directament.","Què creus que faria si en Bob estigués a uns 0.5m de mi, i més aprop que ningú més?",Intentaré parlar amb en Bob,Intentaré que algú em parli,Intentaré parlar amb la Persona B,ELICIT_TARGET,sfxgo,Distance,sfxgo,ELICIT_TARGET,ELICIT_GENERAL,ELICIT_TARGET,NEWPERSON,None,sfxgo,1,1,True,1.0,2,wednesday_0_27.bag
56,1709644725196688414,2,False,He intentat que algú em parlés perquè la Persona A no estava gens interessada en mi.,"Si Persona A estigués una mica interessada en mi, hauria intentat que la Persona A em parlés.","Imagina't que hi hagués una persona addicional, en Bob, que estigués a 2m de mi, i més aprop que ningú més, i em mirés directament.",Què creus que faria si en Bob no estigués interessada en mi?,Intentaré parlar amb la Persona A,Intentaré que algú em parli,Intentaré parlar amb en Bob,ELICIT_GENERAL,None,Engagement Value,pxobb,ELICIT_TARGET,ELICIT_GENERAL,ELICIT_TARGET,pxobb,None,NEWPERSON,3,3,True,1.0,1,tuesday_0_56.bag
57,1709551641076767445,1,False,He intentat que algú em parlés perquè la Persona A no estava gens interessada en mi.,,"Imagina't que hi hagués una persona addicional, en Bob, que estigués a 2m de mi, i més aprop que ningú més, i em mirés directament.",Què creus que faria si en Bob no estigués gens interessada en mi?,Intentaré parlar amb la Persona A,Intentaré parlar amb en Bob,Intentaré que algú em parli,ELICIT_GENERAL,None,Engagement Value,owdng,ELICIT_TARGET,ELICIT_TARGET,ELICIT_GENERAL,owdng,NEWPERSON,None,3,4,False,0.0,1,monday_0_22.bag
58,1709551728498090506,2,False,He intentat parlar amb la Persona A perquè estava segura de la meva detecció de l'esquelet de la Persona A.,"Si estigués molt insegura de la meva detecció de l'esquelet de Persona A, hauria intentat que algú em parlés.","Imagina't que hi hagués una persona addicional, en Bob, que estigués a 2m de mi, i més lluny que ningú més, i em mirés directament.",Què creus que faria si estigués molt segura de la meva detecció de l'esquelet de en Bob?,Intentaré parlar amb en Bob,Intentaré parlar amb la Persona A,Intentaré que algú em parli,ELICIT_TARGET,athjv,Pose Estimation Confidence,athjv,ELICIT_TARGET,ELICIT_TARGET,ELICIT_GENERAL,NEWPERSON,athjv,None,1,4,False,0.0,1,monday_0_22.bag
59,1709548793129464388,2,True,He intentat parlar amb la Persona A perquè la Persona A estava a menys de 5m de mi.,"Si Persona A estigués a més de 5m de mi, hauria intentat que algú em parlés.","Imagina't que hi hagués una persona addicional, en Bob, que em mirés directament.","Què creus que faria si en Bob estigués a uns 2m de mi, i més lluny que ningú més?",Intentaré parlar amb la Persona A,Intentaré que algú em parli,Intentaré parlar amb en Bob,ELICIT_TARGET,tfiao,Distance,tfiao,ELICIT_TARGET,ELICIT_GENERAL,ELICIT_TARGET,tfiao,None,NEWPERSON,3,4,False,0.0,1,monday_0_13.bag
60,1709549089830334902,0,False,He intentat parlar amb la Persona A.,,"Imagina't que hi hagués una persona addicional, en Bob, que estigués a 2m de mi i em mirés directament.",Què creus que faria si no estigués segura de la meva detecció de l'esquelet de en Bob?,Intentaré parlar amb en Bob,Intentaré parlar amb la Persona A,Intentaré parlar amb la Persona B,ELICIT_TARGET,rmmdq,Pose Estimation Confidence,rmmdq,ELICIT_TARGET,ELICIT_TARGET,ELICIT_TARGET,NEWPERSON,rmmdq,dnora,1,2,False,0.0,2,monday_0_13.bag
61,1709817141447113752,1,True,He intentat parlar amb la Persona A perquè estava segura de la meva detecció de l'esquelet de la Persona A.,,"Imagina't que hi hagués una persona addicional, en Bob, que estigués a 2m de mi i em mirés directament.",Què creus que faria si estigués molt segura de la meva detecció de l'esquelet de en Bob?,Intentaré parlar amb en Bob,Intentaré parlar amb la Persona C,Intentaré parlar amb la Persona B,ELICIT_TARGET,wlsai,Pose Estimation Confidence,wlsai,ELICIT_TARGET,ELICIT_TARGET,ELICIT_TARGET,NEWPERSON,omvvk,zyfer,1,1,True,1.0,3,thursday_0_56.bag
62,1709723842241985798,2,False,He intentat que algú em parlés perquè la Persona A i jo no ens miràvem directament.,"Si Persona A i jo ens miréssim directament, hauria intentat que la Persona A em parlés.","Imagina't que hi hagués una persona addicional, en Bob, que estigués a 2m de mi, i més aprop que ningú més.",Què creus que faria si en Bob mirés lluny de mi?,Intentaré parlar amb la Persona B,Intentaré que algú em parli,Intentaré parlar amb la Persona A,ELICIT_GENERAL,None,Mutual Gaze,trqem,ELICIT_TARGET,ELICIT_GENERAL,ELICIT_TARGET,hubef,None,trqem,2,3,False,0.0,2,wednesday_0_42.bag
63,1709655553844096661,1,True,He intentat que algú em parlés perquè la Persona A estava a més de 1m de mi.,,"Imagina't que hi hagués una persona addicional, en Bob, que em mirés directament.","Què creus que faria si en Bob estigués a un 1m de mi, i més aprop que ningú més?",Intentaré que algú em parli,Intentaré parlar amb la Persona A,Intentaré parlar amb en Bob,ELICIT_GENERAL,None,Distance,mzwpt,ELICIT_GENERAL,ELICIT_TARGET,ELICIT_TARGET,None,mzwpt,NEWPERSON,3,3,True,1.0,1,tuesday_0_92.bag
64,1709557498248427391,1,False,He intentat parlar amb la Persona A perquè la Persona A estava a menys de 5m de mi.,,"Imagina't que hi hagués una persona addicional, en Bob, que em mirés directament.","Què creus que faria si en Bob estigués a uns 0.1m de mi, i més aprop que ningú més?",Intentaré parlar amb la Persona G,Intentaré parlar amb en Bob,Intentaré que algú em parli,ELICIT_TARGET,vphyz,Distance,vphyz,ELICIT_TARGET,ELICIT_TARGET,ELICIT_GENERAL,pmtde,NEWPERSON,None,2,2,True,1.0,2,monday_0_42.bag
65,1709557778141240835,2,False,He intentat que algú em parlés perquè la Persona A mirava lluny de mi.,"Si Persona A em mirés una mica, hauria intentat que la Persona A em parlés.","Imagina't que hi hagués una persona addicional, en Bob, que estigués a 2m de mi, i més lluny que ningú més.",Què creus que faria si en Bob em mirés una mica?,Intentaré parlar amb en Bob,Intentaré parlar amb la Persona A,Intentaré que algú em parli,ELICIT_GENERAL,None,Mutual Gaze,bmnak,ELICIT_TARGET,ELICIT_TARGET,ELICIT_GENERAL,NEWPERSON,bmnak,None,1,4,False,0.0,1,monday_0_42.bag
66,1709739187783439875,1,False,He intentat parlar amb la Persona C perquè la Persona C estava a menys de 3m de mi.,,"Imagina't que hi hagués una persona addicional, en Bob, que em mirés directament.","Què creus que faria si en Bob estigués a uns 6m de mi, i més lluny que ningú més?",Intentaré parlar amb la Persona C,Intentaré que algú em parli,Intentaré parlar amb en Bob,ELICIT_TARGET,dofcu,Distance,dofcu,ELICIT_TARGET,ELICIT_GENERAL,ELICIT_TARGET,dofcu,None,NEWPERSON,1,1,True,1.0,3,wednesday_0_93.bag
67,1709739248979174614,2,False,He intentat que algú em parlés perquè la Persona G no estava gens interessada en mi.,"Si Persona G estigués una mica interessada en mi, hauria intentat que la Persona G em parlés.","Imagina't que hi hagués una persona addicional, en Bob, que estigués a 2m de mi, i més aprop que ningú més, i em mirés directament.",Què creus que faria si en Bob estigués interessada en mi?,Intentaré que algú em parli,Intentaré parlar amb en Bob,Intentaré parlar amb la Persona G,ELICIT_GENERAL,None,Engagement Value,ylxgw,ELICIT_GENERAL,ELICIT_TARGET,ELICIT_TARGET,None,NEWPERSON,ylxgw,2,2,True,1.0,7,wednesday_0_93.bag
68,1709739333158355713,0,True,He intentat que algú em parlés.,,"Imagina't que hi hagués una persona addicional, en Bob, que estigués a 2m de mi, i més lluny que ningú més, i em mirés directament.",Què creus que faria si no estigués segura de la meva detecció de l'esquelet de en Bob?,Intentaré parlar amb la Persona A,Intentaré parlar amb en Bob,Intentaré parlar amb la Persona C,ELICIT_GENERAL,None,Pose Estimation Confidence,vxyyu,ELICIT_TARGET,ELICIT_TARGET,ELICIT_TARGET,ykmce,NEWPERSON,vxyyu,2,3,False,0.0,2,wednesday_0_93.bag
69,1709646251391817093,1,False,He intentat que algú em parlés perquè la Persona A no estava gens interessada en mi.,,"Imagina't que hi hagués una persona addicional, en Bob, que estigués a 2m de mi, i més aprop que ningú més, i em mirés directament.",Què creus que faria si en Bob no estigués gens interessada en mi?,Intentaré parlar amb la Persona A,Intentaré parlar amb en Bob,Intentaré que algú em parli,ELICIT_GENERAL,None,Engagement Value,txrtk,ELICIT_TARGET,ELICIT_TARGET,ELICIT_GENERAL,txrtk,NEWPERSON,None,3,2,False,0.0,1,tuesday_0_62.bag
70,1709646380408337593,2,True,He intentat parlar amb la Persona A perquè estava segura de la meva detecció de l'esquelet de la Persona A.,"Si estigués molt insegura de la meva detecció de l'esquelet de Persona A, hauria intentat que algú em parlés.","Imagina't que hi hagués una persona addicional, en Bob, que estigués a 2m de mi, i més lluny que ningú més, i em mirés directament.",Què creus que faria si estigués molt segura de la meva detecció de l'esquelet de en Bob?,Intentaré que algú em parli,Intentaré parlar amb la Persona A,Intentaré parlar amb en Bob,ELICIT_TARGET,xkxem,Pose Estimation Confidence,xkxem,ELICIT_GENERAL,ELICIT_TARGET,ELICIT_TARGET,None,xkxem,NEWPERSON,3,3,True,1.0,1,tuesday_0_62.bag
71,1709643642208669186,0,False,He intentat parlar amb la Persona A.,,"Imagina't que hi hagués una persona addicional, en Bob, que estigués a 2m de mi i em mirés directament.",Què creus que faria si estigués molt insegura de la meva detecció de l'esquelet de en Bob?,Intentaré que algú em parli,Intentaré parlar amb la Persona A,Intentaré parlar amb en Bob,ELICIT_TARGET,ivkqq,Pose Estimation Confidence,ivkqq,ELICIT_GENERAL,ELICIT_TARGET,ELICIT_TARGET,None,ivkqq,NEWPERSON,2,3,False,0.0,2,tuesday_0_53.bag
72,1709643883700329781,1,False,He intentat que algú em parlés perquè la Persona B no estava gens interessada en mi.,,"Imagina't que hi hagués una persona addicional, en Bob, que estigués a 2m de mi i em mirés directament.",Què creus que faria si en Bob estigués molt interessada en mi?,Intentaré parlar amb la Persona A,Intentaré parlar amb la Persona C,Intentaré parlar amb en Bob,ELICIT_GENERAL,None,Engagement Value,nulyl,ELICIT_TARGET,ELICIT_TARGET,ELICIT_TARGET,rvqhz,jwtcc,NEWPERSON,3,1,False,0.0,3,tuesday_0_53.bag
73,1709732987467273235,2,False,He intentat que algú em parlés perquè la Persona B i jo no ens miràvem directament.,"Si Persona B i jo ens miréssim directament, hauria intentat que la Persona B em parlés.","Imagina't que hi hagués una persona addicional, en Bob, que estigués a 2m de mi, i més aprop que ningú més.",Què creus que faria si en Bob mirés lluny de mi?,Intentaré parlar amb la Persona B,Intentaré parlar amb la Persona A,Intentaré que algú em parli,ELICIT_GENERAL,None,Mutual Gaze,vqdsp,ELICIT_TARGET,ELICIT_TARGET,ELICIT_GENERAL,vqdsp,pqclx,None,3,3,True,1.0,2,wednesday_0_72.bag
74,1709733644546606779,1,False,He intentat que algú em parlés perquè la Persona B no estava gens interessada en mi.,,"Imagina't que hi hagués una persona addicional, en Bob, que estigués a 2m de mi, i més aprop que ningú més, i em mirés directament.",Què creus que faria si en Bob no estigués gens interessada en mi?,Intentaré parlar amb en Bob,Intentaré que algú em parli,Intentaré parlar amb la Persona B,ELICIT_GENERAL,None,Engagement Value,kuxdu,ELICIT_TARGET,ELICIT_GENERAL,ELICIT_TARGET,NEWPERSON,None,kuxdu,2,2,True,1.0,2,wednesday_0_74.bag
75,1709655708742756844,2,False,He intentat parlar amb la Persona A perquè estava segura de la meva detecció de l'esquelet de la Persona A.,"Si estigués molt insegura de la meva detecció de l'esquelet de Persona A, hauria intentat que algú em parlés.","Imagina't que hi hagués una persona addicional, en Bob, que estigués a 2m de mi, i més lluny que ningú més, i em mirés directament.",Què creus que faria si estigués molt insegura de la meva detecció de l'esquelet de en Bob?,Intentaré parlar amb en Bob,Intentaré que algú em parli,Intentaré parlar amb la Persona A,ELICIT_TARGET,ueuvx,Pose Estimation Confidence,ueuvx,ELICIT_TARGET,ELICIT_GENERAL,ELICIT_TARGET,NEWPERSON,None,ueuvx,3,2,False,0.5,1,tuesday_0_93.bag
76,1709554052873074770,0,False,He intentat parlar amb la Persona B.,,"Imagina't que hi hagués una persona addicional, en Bob, que estigués a 2m de mi, i més lluny que ningú més, i em mirés directament.",Què creus que faria si no estigués segura de la meva detecció de l'esquelet de en Bob?,Intentaré parlar amb la Persona A,Intentaré parlar amb la Persona B,Intentaré parlar amb en Bob,ELICIT_TARGET,jksmw,Pose Estimation Confidence,jksmw,ELICIT_TARGET,ELICIT_TARGET,ELICIT_TARGET,kyjsa,jksmw,NEWPERSON,3,2,False,0.0,2,monday_0_30.bag
77,1709723353606040716,1,False,He intentat que algú em parlés perquè la Persona A i jo no ens miràvem directament.,,"Imagina't que hi hagués una persona addicional, en Bob, que estigués a 2m de mi, i més aprop que ningú més.",Què creus que faria si en Bob no em mirés?,Intentaré parlar amb la Persona A,Intentaré que algú em parli,Intentaré parlar amb en Bob,ELICIT_GENERAL,None,Mutual Gaze,dfrwe,ELICIT_TARGET,ELICIT_GENERAL,ELICIT_TARGET,dfrwe,None,NEWPERSON,2,4,False,0.0,1,wednesday_0_40.bag
78,1709552400762489319,0,False,He intentat parlar amb la Persona B.,,"Imagina't que hi hagués una persona addicional, en Bob, que estigués a 2m de mi, i més lluny que ningú més.",Què creus que faria si en Bob no em mirés?,Intentaré parlar amb en Bob,Intentaré que algú em parli,Intentaré parlar amb la Persona B,ELICIT_TARGET,hlkop,Mutual Gaze,hlkop,ELICIT_TARGET,ELICIT_GENERAL,ELICIT_TARGET,NEWPERSON,None,hlkop,3,1,False,0.0,2,monday_0_25.bag
79,1709552642156976223,1,False,He intentat que algú em parlés perquè la Persona A i jo no ens miràvem directament.,,"Imagina't que hi hagués una persona addicional, en Bob, que estigués a 2m de mi, i més aprop que ningú més.",Què creus que faria si en Bob i jo ens miréssim directament?,Intentaré parlar amb en Bob,Intentaré que algú em parli,Intentaré parlar amb la Persona A,ELICIT_GENERAL,None,Mutual Gaze,xzffh,ELICIT_TARGET,ELICIT_GENERAL,ELICIT_TARGET,NEWPERSON,None,xzffh,1,1,True,1.0,1,monday_0_25.bag
80,1709821481552070618,1,True,He intentat que algú em parlés perquè la Persona A no estava gens interessada en mi.,,"Imagina't que hi hagués una persona addicional, en Bob, que estigués a 2m de mi, i més aprop que ningú més, i em mirés directament.",Què creus que faria si en Bob estigués interessada en mi?,Intentaré que algú em parli,Intentaré parlar amb en Bob,Intentaré parlar amb la Persona A,ELICIT_GENERAL,None,Engagement Value,dvtrt,ELICIT_GENERAL,ELICIT_TARGET,ELICIT_TARGET,None,NEWPERSON,dvtrt,2,2,True,1.0,1,thursday_0_71.bag
81,1709737459467417002,2,False,He intentat parlar amb la Persona A perquè estava segura de la meva detecció de l'esquelet de la Persona A.,"Si estigués molt insegura de la meva detecció de l'esquelet de Persona A, hauria intentat que algú em parlés.","Imagina't que hi hagués una persona addicional, en Bob, que estigués a 2m de mi, i més lluny que ningú més, i em mirés directament.",Què creus que faria si estigués molt segura de la meva detecció de l'esquelet de en Bob?,Intentaré parlar amb la Persona A,Intentaré parlar amb en Bob,Intentaré que algú em parli,ELICIT_TARGET,iwhyx,Pose Estimation Confidence,iwhyx,ELICIT_TARGET,ELICIT_TARGET,ELICIT_GENERAL,iwhyx,NEWPERSON,None,2,4,False,0.0,1,wednesday_0_87.bag
82,1709719324811690807,0,False,He intentat que algú em parlés.,,"Imagina't que hi hagués una persona addicional, en Bob, que estigués a 2m de mi, i més lluny que ningú més, i em mirés directament.",Què creus que faria si no estigués segura de la meva detecció de l'esquelet de en Bob?,Intentaré parlar amb la Persona A,Intentaré parlar amb en Bob,Intentaré que algú em parli,ELICIT_GENERAL,None,Pose Estimation Confidence,tebxa,ELICIT_TARGET,ELICIT_TARGET,ELICIT_GENERAL,tebxa,NEWPERSON,None,2,4,False,0.0,1,wednesday_0_26.bag
83,1709740584929533958,2,False,He intentat parlar amb la Persona A perquè la Persona A estava a menys de 3m de mi.,"Si Persona A estigués a més de 3m de mi, hauria intentat que algú em parlés.","Imagina't que hi hagués una persona addicional, en Bob, que em mirés directament.","Què creus que faria si en Bob estigués a uns 6m de mi, i més lluny que ningú més?",Intentaré parlar amb en Bob,Intentaré que algú em parli,Intentaré parlar amb la Persona A,ELICIT_TARGET,lbrss,Distance,lbrss,ELICIT_TARGET,ELICIT_GENERAL,ELICIT_TARGET,NEWPERSON,None,lbrss,3,3,True,1.0,1,wednesday_0_97.bag
84,1709738867141370535,0,False,He intentat que algú em parlés.,,"Imagina't que hi hagués una persona addicional, en Bob, que estigués a 2m de mi, i més lluny que ningú més, i em mirés directament.",Què creus que faria si estigués molt insegura de la meva detecció de l'esquelet de en Bob?,Intentaré que algú em parli,Intentaré parlar amb la Persona A,Intentaré parlar amb en Bob,ELICIT_GENERAL,None,Pose Estimation Confidence,jkcrp,ELICIT_GENERAL,ELICIT_TARGET,ELICIT_TARGET,None,jkcrp,NEWPERSON,1,3,False,0.0,1,wednesday_0_91.bag
85,1709722572400072336,0,False,He intentat que algú em parlés.,,"Imagina't que hi hagués una persona addicional, en Bob, que estigués a 2m de mi, i més aprop que ningú més, i em mirés directament.",Què creus que faria si en Bob no estigués interessada en mi?,Intentaré parlar amb la Persona A,Intentaré que algú em parli,Intentaré parlar amb en Bob,ELICIT_GENERAL,None,Engagement Value,qdawh,ELICIT_TARGET,ELICIT_GENERAL,ELICIT_TARGET,qdawh,None,NEWPERSON,3,4,False,0.0,1,wednesday_0_37.bag
86,1709818345047289133,2,False,He intentat que algú em parlés perquè la Persona A no estava gens interessada en mi.,"Si Persona A estigués una mica interessada en mi, hauria intentat que la Persona A em parlés.","Imagina't que hi hagués una persona addicional, en Bob, que estigués a 2m de mi, i més aprop que ningú més, i em mirés directament.",Què creus que faria si en Bob no estigués gens interessada en mi?,Intentaré parlar amb en Bob,Intentaré que algú em parli,Intentaré parlar amb la Persona A,ELICIT_GENERAL,None,Engagement Value,ouatq,ELICIT_TARGET,ELICIT_GENERAL,ELICIT_TARGET,NEWPERSON,None,ouatq,2,2,True,1.0,1,thursday_0_60.bag
87,1709813250212591410,0,False,He intentat parlar amb la Persona A.,,"Imagina't que hi hagués una persona addicional, en Bob, que estigués a 2m de mi, i més lluny que ningú més.",Què creus que faria si en Bob mirés lluny de mi?,Intentaré parlar amb en Bob,Intentaré parlar amb la Persona A,Intentaré que algú em parli,ELICIT_TARGET,yamef,Mutual Gaze,yamef,ELICIT_TARGET,ELICIT_TARGET,ELICIT_GENERAL,NEWPERSON,yamef,None,2,2,True,1.0,1,thursday_0_43.bag
88,1709805084514459372,2,False,He intentat parlar amb la Persona B perquè la Persona B no mirava lluny de mi.,"Si Persona B mirés lluny de mi, hauria intentat que la Persona A em parlés.","Imagina't que hi hagués una persona addicional, en Bob, que estigués a 2m de mi, i més lluny que ningú més.",Què creus que faria si en Bob mirés lluny de mi?,Intentaré que algú em parli,Intentaré parlar amb la Persona A,Intentaré parlar amb la Persona B,ELICIT_TARGET,eeqxu,Mutual Gaze,eeqxu,ELICIT_GENERAL,ELICIT_TARGET,ELICIT_TARGET,None,jnmlf,eeqxu,3,4,False,0.0,2,thursday_0_16.bag
89,1709718276667766571,2,False,He intentat que algú em parlés perquè la Persona A no em mirava.,"Si Persona A em mirés, hauria intentat que la Persona A em parlés.","Imagina't que hi hagués una persona addicional, en Bob, que estigués a 2m de mi, i més lluny que ningú més.",Què creus que faria si en Bob i jo ens miréssim directament?,Intentaré parlar amb la Persona A,Intentaré que algú em parli,Intentaré parlar amb en Bob,ELICIT_GENERAL,None,Mutual Gaze,wgwpa,ELICIT_TARGET,ELICIT_GENERAL,ELICIT_TARGET,wgwpa,None,NEWPERSON,3,2,False,0.5,1,wednesday_0_23.bag
90,1709805279646764755,0,False,He intentat que algú em parlés.,,"Imagina't que hi hagués una persona addicional, en Bob, que estigués a 2m de mi, i més aprop que ningú més, i em mirés directament.",Què creus que faria si en Bob no estigués interessada en mi?,Intentaré parlar amb en Bob,Intentaré parlar amb la Persona A,Intentaré que algú em parli,ELICIT_GENERAL,None,Engagement Value,csitj,ELICIT_TARGET,ELICIT_TARGET,ELICIT_GENERAL,NEWPERSON,csitj,None,1,1,True,1.0,1,thursday_0_17.bag
91,1709733247901808262,0,True,He intentat parlar amb la Persona A.,,"Imagina't que hi hagués una persona addicional, en Bob, que estigués a 2m de mi i em mirés directament.",Què creus que faria si estigués molt insegura de la meva detecció de l'esquelet de en Bob?,Intentaré parlar amb la Persona A,Intentaré parlar amb la Persona B,Intentaré que algú em parli,ELICIT_TARGET,betsb,Pose Estimation Confidence,betsb,ELICIT_TARGET,ELICIT_TARGET,ELICIT_GENERAL,betsb,wrjrn,None,1,1,True,1.0,2,wednesday_0_73.bag
92,1709643393914964199,2,False,He intentat que algú em parlés perquè la Persona B i jo no ens miràvem directament.,"Si Persona B i jo ens miréssim directament, hauria intentat que la Persona B em parlés.","Imagina't que hi hagués una persona addicional, en Bob, que estigués a 2m de mi, i més aprop que ningú més.",Què creus que faria si en Bob em mirés una mica?,Intentaré parlar amb en Bob,Intentaré parlar amb la Persona B,Intentaré parlar amb la Persona A,ELICIT_GENERAL,None,Mutual Gaze,ivhdd,ELICIT_TARGET,ELICIT_TARGET,ELICIT_TARGET,NEWPERSON,ivhdd,livgm,1,4,False,0.0,2,tuesday_0_52.bag
93,1709547959532861948,1,False,He intentat que algú em parlés perquè la Persona A mirava lluny de mi.,,"Imagina't que hi hagués una persona addicional, en Bob, que estigués a 2m de mi, i més lluny que ningú més.",Què creus que faria si en Bob no em mirés?,Intentaré parlar amb en Bob,Intentaré parlar amb la Persona A,Intentaré que algú em parli,ELICIT_GENERAL,None,Mutual Gaze,xxwhd,ELICIT_TARGET,ELICIT_TARGET,ELICIT_GENERAL,NEWPERSON,xxwhd,None,3,2,False,0.0,1,monday_0_10.bag
94,1709548005351275921,2,True,He intentat parlar amb la Persona B perquè estava segura de la meva detecció de l'esquelet de la Persona B.,"Si estigués molt insegura de la meva detecció de l'esquelet de Persona B, hauria intentat que algú em parlés.","Imagina't que hi hagués una persona addicional, en Bob, que estigués a 2m de mi, i més lluny que ningú més, i em mirés directament.",Què creus que faria si estigués molt segura de la meva detecció de l'esquelet de en Bob?,Intentaré parlar amb la Persona A,Intentaré parlar amb en Bob,Intentaré parlar amb la Persona B,ELICIT_TARGET,jyyvn,Pose Estimation Confidence,jyyvn,ELICIT_TARGET,ELICIT_TARGET,ELICIT_TARGET,unwrx,NEWPERSON,jyyvn,2,1,False,0.0,2,monday_0_10.bag
95,1709548078030700684,0,False,He intentat parlar amb la Persona A.,,"Imagina't que hi hagués una persona addicional, en Bob, que estigués a 2m de mi i em mirés directament.",Què creus que faria si en Bob no estigués gens interessada en mi?,Intentaré que algú em parli,Intentaré parlar amb la Persona A,Intentaré parlar amb en Bob,ELICIT_TARGET,uwjgi,Engagement Value,uwjgi,ELICIT_GENERAL,ELICIT_TARGET,ELICIT_TARGET,None,uwjgi,NEWPERSON,2,3,False,0.0,1,monday_0_10.bag
96,1709546583777056456,1,False,He intentat que algú em parlés perquè la Persona D no estava gens interessada en mi.,,"Imagina't que hi hagués una persona addicional, en Bob, que estigués a 2m de mi, i més lluny que ningú més, i em mirés directament.",Què creus que faria si en Bob no estigués interessada en mi?,Intentaré parlar amb la Persona D,Intentaré parlar amb en Bob,Intentaré parlar amb la Persona A,ELICIT_GENERAL,None,Engagement Value,buxgm,ELICIT_TARGET,ELICIT_TARGET,ELICIT_TARGET,buxgm,NEWPERSON,iiqti,2,2,True,1.0,4,monday_0_5.bag
97,1709546702444710493,2,False,He intentat que algú em parlés perquè la Persona B estava a més de 1m de mi.,"Si Persona B estigués a menys de 1m de mi, hauria intentat que la Persona B em parlés.","Imagina't que hi hagués una persona addicional, en Bob, que em mirés directament.","Què creus que faria si en Bob estigués a un 1m de mi, i més aprop que ningú més?",Intentaré que algú em parli,Intentaré parlar amb en Bob,Intentaré parlar amb la Persona B,ELICIT_GENERAL,None,Distance,itfre,ELICIT_GENERAL,ELICIT_TARGET,ELICIT_TARGET,None,NEWPERSON,itfre,2,2,True,1.0,2,monday_0_5.bag
98,1709719942737168312,2,False,He intentat que algú em parlés perquè la Persona C no estava gens interessada en mi.,"Si Persona C estigués una mica interessada en mi, hauria intentat que la Persona C em parlés.","Imagina't que hi hagués una persona addicional, en Bob, que estigués a 2m de mi, i més aprop que ningú més, i em mirés directament.",Què creus que faria si en Bob no estigués gens interessada en mi?,Intentaré parlar amb en Bob,Intentaré que algú em parli,Intentaré parlar amb la Persona C,ELICIT_GENERAL,None,Engagement Value,frgan,ELICIT_TARGET,ELICIT_GENERAL,ELICIT_TARGET,NEWPERSON,None,frgan,2,1,False,0.0,3,wednesday_0_29.bag
99,1709720128739207983,0,False,He intentat que algú em parlés.,,"Imagina't que hi hagués una persona addicional, en Bob, que estigués a 2m de mi, i més aprop que ningú més, i em mirés directament.",Què creus que faria si en Bob no estigués gens interessada en mi?,Intentaré parlar amb la Persona A,Intentaré que algú em parli,Intentaré parlar amb la Persona B,ELICIT_GENERAL,None,Engagement Value,arxan,ELICIT_TARGET,ELICIT_GENERAL,ELICIT_TARGET,arxan,None,zftim,2,1,False,0.0,2,wednesday_0_29.bag
100,1709730504571332455,0,True,He intentat que algú em parlés.,,"Imagina't que hi hagués una persona addicional, en Bob, que estigués a 2m de mi.",Què creus que faria si en Bob no em mirés?,Intentaré parlar amb la Persona A,Intentaré que algú em parli,Intentaré parlar amb en Bob,ELICIT_GENERAL,None,Mutual Gaze,rxcsq,ELICIT_TARGET,ELICIT_GENERAL,ELICIT_TARGET,rxcsq,None,NEWPERSON,2,3,False,0.0,1,wednesday_0_64.bag
101,1709827111172048569,1,False,He intentat parlar amb la Persona B perquè la Persona B estava a uns 2.0m de mi.,,"Imagina't que hi hagués una persona addicional, en Bob, que em mirés directament.","Què creus que faria si en Bob estigués a uns 2.5m de mi, i més lluny que ningú més?",Intentaré parlar amb la Persona A,Intentaré parlar amb en Bob,Intentaré que algú em parli,ELICIT_TARGET,aazri,Distance,aazri,ELICIT_TARGET,ELICIT_TARGET,ELICIT_GENERAL,xmloz,NEWPERSON,None,2,4,False,0.0,2,thursday_0_90.bag
102,1709545704533827782,0,False,He intentat parlar amb la Persona B.,,"Imagina't que hi hagués una persona addicional, en Bob, que estigués a 2m de mi.",Què creus que faria si en Bob i jo ens miréssim directament?,Intentaré parlar amb la Persona A,Intentaré parlar amb en Bob,Intentaré parlar amb la Persona B,ELICIT_TARGET,ukoqd,Mutual Gaze,ukoqd,ELICIT_TARGET,ELICIT_TARGET,ELICIT_TARGET,ihzop,NEWPERSON,ukoqd,2,2,True,1.0,2,monday_0_2.bag
103,1709812835906005144,2,False,He intentat parlar amb la Persona A perquè estava segura de la meva detecció de l'esquelet de la Persona A.,"Si estigués molt insegura de la meva detecció de l'esquelet de Persona A, hauria intentat que algú em parlés.","Imagina't que hi hagués una persona addicional, en Bob, que estigués a 2m de mi, i més lluny que ningú més, i em mirés directament.",Què creus que faria si no estigués segura de la meva detecció de l'esquelet de en Bob?,Intentaré que algú em parli,Intentaré parlar amb en Bob,Intentaré parlar amb la Persona A,ELICIT_TARGET,pxvmg,Pose Estimation Confidence,pxvmg,ELICIT_GENERAL,ELICIT_TARGET,ELICIT_TARGET,None,NEWPERSON,pxvmg,2,3,False,0.0,1,thursday_0_42.bag
104,1709549455227975130,0,True,He intentat parlar amb la Persona B.,,"Imagina't que hi hagués una persona addicional, en Bob, que estigués a 2m de mi, i més lluny que ningú més.",Què creus que faria si en Bob mirés lluny de mi?,Intentaré parlar amb la Persona B,Intentaré parlar amb en Bob,Intentaré que algú em parli,ELICIT_TARGET,vxsst,Mutual Gaze,vxsst,ELICIT_TARGET,ELICIT_TARGET,ELICIT_GENERAL,vxsst,NEWPERSON,None,1,3,False,0.5,2,monday_0_15.bag
105,1709823527972845078,2,False,He intentat que algú em parlés perquè la Persona A i jo no ens miràvem directament.,"Si Persona A i jo ens miréssim directament, hauria intentat que la Persona A em parlés.","Imagina't que hi hagués una persona addicional, en Bob, que estigués a 2m de mi, i més aprop que ningú més.",Què creus que faria si en Bob mirés lluny de mi?,Intentaré parlar amb la Persona A,Intentaré que algú em parli,Intentaré parlar amb la Persona C,ELICIT_GENERAL,None,Mutual Gaze,dpzqn,ELICIT_TARGET,ELICIT_GENERAL,ELICIT_TARGET,dpzqn,None,hnrmx,2,1,False,0.0,2,thursday_0_78.bag
106,1709823787157957792,0,False,He intentat que algú em parlés.,,"Imagina't que hi hagués una persona addicional, en Bob, que estigués a 2m de mi, i més aprop que ningú més, i em mirés directament.",Què creus que faria si en Bob estigués interessada en mi?,Intentaré parlar amb la Persona A,Intentaré parlar amb la Persona B,Intentaré parlar amb en Bob,ELICIT_GENERAL,None,Engagement Value,qfvtn,ELICIT_TARGET,ELICIT_TARGET,ELICIT_TARGET,nshqe,qfvtn,NEWPERSON,3,4,False,0.0,2,thursday_0_78.bag
107,1709642124180113792,1,True,He intentat que algú em parlés perquè la Persona B estava a més de 1m de mi.,,"Imagina't que hi hagués una persona addicional, en Bob, que em mirés directament.","Què creus que faria si en Bob estigués a uns 9m de mi, i més lluny que ningú més?",Intentaré parlar amb la Persona B,Intentaré que algú em parli,Intentaré parlar amb la Persona C,ELICIT_GENERAL,None,Distance,axpcx,ELICIT_TARGET,ELICIT_GENERAL,ELICIT_TARGET,axpcx,None,ucpwl,2,3,False,0.0,2,tuesday_0_48.bag
108,1709732724805451155,1,False,He intentat que algú em parlés perquè la Persona C no estava gens interessada en mi.,,"Imagina't que hi hagués una persona addicional, en Bob, que estigués a 2m de mi, i més aprop que ningú més, i em mirés directament.",Què creus que faria si en Bob no estigués interessada en mi?,Intentaré que algú em parli,Intentaré parlar amb en Bob,Intentaré parlar amb la Persona C,ELICIT_GENERAL,None,Engagement Value,vmzzs,ELICIT_GENERAL,ELICIT_TARGET,ELICIT_TARGET,None,NEWPERSON,vmzzs,2,1,False,0.5,3,wednesday_0_71.bag
109,1709549290279417276,1,False,He intentat que algú em parlés perquè la Persona A no estava gens interessada en mi.,,"Imagina't que hi hagués una persona addicional, en Bob, que estigués a 2m de mi, i més aprop que ningú més, i em mirés directament.",Què creus que faria si en Bob estigués molt interessada en mi?,Intentaré parlar amb en Bob,Intentaré que algú em parli,Intentaré parlar amb la Persona A,ELICIT_GENERAL,None,Engagement Value,eiupr,ELICIT_TARGET,ELICIT_GENERAL,ELICIT_TARGET,NEWPERSON,None,eiupr,1,1,True,1.0,1,monday_0_14.bag
110,1709549382351316690,2,True,He intentat parlar amb la Persona D perquè la Persona D estava a menys de 3m de mi.,"Si Persona D estigués a més de 3m de mi, hauria intentat que algú em parlés.","Imagina't que hi hagués una persona addicional, en Bob, que em mirés directament.","Què creus que faria si en Bob estigués a uns 0.5m de mi, i més aprop que ningú més?",Intentaré que algú em parli,Intentaré parlar amb en Bob,Intentaré parlar amb la Persona D,ELICIT_TARGET,rkquf,Distance,rkquf,ELICIT_GENERAL,ELICIT_TARGET,ELICIT_TARGET,None,NEWPERSON,rkquf,2,3,False,0.0,4,monday_0_14.bag
111,1709557119498322725,1,False,He intentat que algú em parlés perquè la Persona A no em mirava.,,"Imagina't que hi hagués una persona addicional, en Bob, que estigués a 2m de mi.",Què creus que faria si en Bob no em mirés?,Intentaré que algú em parli,Intentaré parlar amb la Persona A,Intentaré parlar amb en Bob,ELICIT_GENERAL,None,Mutual Gaze,ybbkc,ELICIT_GENERAL,ELICIT_TARGET,ELICIT_TARGET,None,ybbkc,NEWPERSON,1,2,False,0.0,1,monday_0_40.bag
112,1709648955289258242,2,False,He intentat que algú em parlés perquè la Persona A no estava gens interessada en mi.,"Si Persona A estigués una mica interessada en mi, hauria intentat que la Persona A em parlés.","Imagina't que hi hagués una persona addicional, en Bob, que estigués a 2m de mi, i més aprop que ningú més, i em mirés directament.",Què creus que faria si en Bob estigués molt interessada en mi?,Intentaré parlar amb la Persona A,Intentaré que algú em parli,Intentaré parlar amb en Bob,ELICIT_GENERAL,None,Engagement Value,cmmwu,ELICIT_TARGET,ELICIT_GENERAL,ELICIT_TARGET,cmmwu,None,NEWPERSON,3,3,True,1.0,1,tuesday_0_71.bag
113,1709633749326785564,2,False,He intentat parlar amb la Persona A perquè la Persona A estava a menys de 5m de mi.,"Si Persona A estigués a més de 5m de mi, hauria intentat que algú em parlés.","Imagina't que hi hagués una persona addicional, en Bob, que em mirés directament.","Què creus que faria si en Bob estigués a uns 1.5m de mi, i més lluny que ningú més?",Intentaré que algú em parli,Intentaré parlar amb la Persona A,Intentaré parlar amb en Bob,ELICIT_TARGET,qwbcp,Distance,qwbcp,ELICIT_GENERAL,ELICIT_TARGET,ELICIT_TARGET,None,qwbcp,NEWPERSON,3,3,True,1.0,1,tuesday_0_20.bag
114,1709731429051788568,1,False,He intentat que algú em parlés perquè la Persona A estava a més de 1m de mi.,,"Imagina't que hi hagués una persona addicional, en Bob, que em mirés directament.","Què creus que faria si en Bob estigués a uns 0.5m de mi, i més aprop que ningú més?",Intentaré parlar amb en Bob,Intentaré que algú em parli,Intentaré parlar amb la Persona C,ELICIT_GENERAL,None,Distance,cjiwf,ELICIT_TARGET,ELICIT_GENERAL,ELICIT_TARGET,NEWPERSON,None,mzbcd,1,2,False,0.5,2,wednesday_0_67.bag
